Index,Latin Word,Gender,Definition,Reference Entry Index
0,"ā, ab",,from; by,
1,"abeō, abīre, abiī",,go away,
2,"absēns, gen. absentis",,absent,
3,"absum, abesse, āfuī",,"be out, be absent, be away",
4,"absurdus, absurda, absurdum",,absurd,
5,ac,,and,
6,"accidō, accidere, accidī",,happen,
7,"accipiō, accipere, accēpī, acceptus",,"accept, take in, receive",
8,"accūsō, accūsāre, accūsāvī, accūsātus",,accuse,
9,ad,,"to, at",
10,"addō, addere, addidī, additus",,add,
11,"addūcō, addūcere, addūxī, adductus",,"lead, lead on, encourage",
12,adeō,,"so much, so greatly",
13,"adeō, adīre, adiī",,"approach, go up to",
14,"adeptus, adepta, adeptum",,"having received, having obtained",
15,adest,,{see} [adsum]
16,"adhibeō, adhibēre, adhibuī, adhibitus",,use,
17,adhūc,,up till now,
18,"aditus, aditūs",masculine,opening,
19,"adiuvō, adiuvāre, adiūvī",,help,
20,"administrō, administrāre, administrāvī, administrātus",,"look after, manage",
21,"adōrō, adōrāre, adōrāvī, adōrātus",,worship,
22,"adstō, adstāre, adstitī",,stand by,
23,"adsum, adesse, adfuī",,"be here, be present",
24,"adveniō, advenīre, advēnī",,arrive,
25,"adventus, adventūs",masculine,arrival,
26,"advesperāscit, advesperāscere, advesperāvit",,"get dark, become dark",
27,"aedificium, aedificiī",neuter,building,
28,"aedificō, aedificāre, aedificāvī, aedificātus",,build,
29,"aeger, aegra, aegrum",,"sick, ill",
30,"aegrōtus, aegrōtī",masculine,invalid,
31,"Aegyptius, Aegyptia, Aegyptium",,Egyptian,
32,"Aegyptus, Aegyptī",feminine,Egypt,
33,"afferō, afferre, attulī, adlātus",,bring,
34,"afflīgō, afflīgere, afflīxī, afflīctus",,"afflict, hurt",
35,"ager, agrī",masculine,field,
36,"agitō, agitāre, agitāvī, agitātus",,"chase, hunt",
37,"agmen, agminis",neuter,"column (of men), procession",
38,"agna, agnae",feminine,lamb,
39,"agnōscō, agnōscere, agnōvī, agnitus",,recognise,
40,"agō, agere, ēgī, āctus",,"do, act",
41,age!,,come!,
42,grātiās agere,,"thank, give thanks",
43,negōtium agere,,"do business, work",
44,persōnam agere,,play a part,
45,vītam agere,,lead a life,
46,"agricola, agricolae",masculine,farmer,
47,"ālea, āleae",feminine,dice,
48,"aliquis, aliquid",,"someone, something",
49,aliquid novī,,something new,
50,"alius, alia, aliud",,"other, another, else",
51,aliī ... aliī,,some ... others,
52,"alter, altera, alterum",,"the other, the second",
53,"altus, alta, altum",,deep,
54,"amārus, amāra, amārum",,bitter,
55,"ambō, ambae, ambō",,both,
56,"ambulō, ambulāre, ambulāvī",,walk,
57,"amīcitia, amīcitiae",feminine,friendship,
58,"amīcus, amīcī",masculine,friend,
59,"āmittō, āmittere, āmīsī, āmissus",,lose,
60,"amō, amāre, amāvī, amātus",,"love, like",
61,"amor, amōris",masculine,love,
62,"amphitheātrum, amphitheātrī",neuter,amphitheatre,
63,"amphora, amphorae",feminine,"wine,jar",
64,"amulētum, amulētī",neuter,"amulet, lucky charm",
65,"ancilla, ancillae",feminine,"slave,girl, maid",
66,"angulus, angulī",masculine,corner,
67,"angustus, angusta, angustum",,narrow,
68,"animus, animī",masculine,"spirit, soul, mind",
69,in animō volvere,,"wonder, turn over in the mind",
70,"annus, annī",masculine,year,
71,anteā,,before,
72,"ānulus, ānulī",masculine,ring,
73,"anxius, anxia, anxium",,anxious,
74,"aperiō, aperīre, aperuī, apertus",,open,
75,apertē,,openly,
76,"apodytērium, apodytēriī",neuter,"changing,room",
77,"appāreō, appārēre, appāruī",,appear,
78,"appropinquō, appropinquāre, appropinquāvī",,"approach, come near to",
79,"aptus, apta, aptum",,suitable,
80,apud,,"among, at the house of",
81,"aqua, aquae",feminine,water,
82,"Aquae Sūlis, Aquārum Sūlis pl.",feminine,Bath,
83,"āra, ārae",feminine,altar,
84,"arānea, arāneae",feminine,"spider, spider's web",
85,"arca, arcae",feminine,"strong,box, chest",
86,"arcessō, arcessere, arcessīvī, arcessītus",,"summon, send for",
87,"architectus, architectī",masculine,"builder, architect",
88,"ardeō, ardēre, arsī",,"burn, be on fire",
89,"ārea, āreae",feminine,courtyard,
90,"argenteus, argentea, argenteum",,made of silver,
91,"arma, armōrum pl.",neuter,"arms, weapons",
92,"armārium, armāriī",neuter,"chest, cupboard",
93,"armō, armāre, armāvī, armātus",,arm,
94,"armātī, armātōrum pl.",masculine,armed men,
95,"arrogantia, arrogantiae",feminine,"cheek, arrogance",
96,"ars, artis",feminine,"art, skill",
97,"ascendō, ascendere, ascendī",,"climb, rise",
98,"asinus, asinī",masculine,"ass, donkey",
99,"aspiciō, aspicere, aspexī",,look towards,
100,"astrologus, astrologī",masculine,astrologer,
101,"Athēnae, Athēnārum pl.",feminine,Athens,
102,atque,,and,
103,"ātrium, ātriī",neuter,"atrium, main room, hall",
104,"attonitus, attonita, attonitum",,astonished,
105,"auctōritās, auctōritātis",feminine,authority,
106,auctus,,{see} [augeō]
107,"audācia, audāciae",feminine,"boldness, audacity",
108,audācter,,boldly,
109,"audāx, gen. audācis",,"bold, daring",
110,"audeō, audēre",,dare,
111,"audiō, audīre, audīvī, audītus",,"hear, listen to",
112,"auferō, auferre, abstulī, ablātus",,"take away, steal",
113,"augeō, augēre, auxī, auctus",,increase,
114,"aula, aulae",feminine,palace,
115,"aureus, aurea, aureum",,"gilded, gold,plated",
116,"aureus, aureī",masculine,gold coin,
117,"auris, auris",feminine,ear,
118,autem,,but,
119,"auxilium, auxiliī",neuter,help,
120,"avāritia, avāritiae",feminine,greed,
121,avē atque valē,,hail and farewell,
122,avidē,,eagerly,
123,"balneum, balneī",neuter,bath,
124,"barba, barbae",feminine,beard,
125,"barbarus, barbara, barbarum",,barbarian,
126,"barbarus, barbarī",masculine,barbarian,
127,"bellum, bellī",neuter,war,
128,bellum gerere,,"wage war, campaign",
129,bene,,well,
130,"beneficium, beneficiī",neuter,"act of kindness, favour",
131,benignē,,kindly,
132,"benignus, benigna, benignum",,kind,
133,"bēstia, bēstiae",feminine,wild beast,
134,"bibō, bibere, bibī",,drink,
135,"blanditiae, blanditiārum pl.",feminine,flatteries,
136,"blandus, blanda, blandum",,flattering,
137,"bonus, bona, bonum",,good,
138,"melior, melius",,better,
139,melius est,,it would be better,
140,"optimus, optima, optimum",,"very good, excellent, best",
141,"bracchium, bracchiī",neuter,arm,
142,brevī,,in a short time,
143,"brevis, breve",,"short, brief",
144,"Britannī, Britannōrum pl.",masculine,Britons,
145,"Britannia, Britanniae",feminine,Britain,
146,"Britannicus, Britannica, Britannicum",,British,
147,C.,,Gāius,
148,"cachinnō, cachinnāre, cachinnāvī",,"laugh, cackle, roar with laughter",
149,"cadō, cadere, cecidī",,fall,
150,"caecus, caeca, caecum",,blind,
151,"caelum, caelī",neuter,sky,
152,"calceus, calceī",masculine,shoe,
153,"Calēdonia, Calēdoniae",feminine,Scotland,
154,"calliditās, calliditātis",feminine,"cleverness, shrewdness",
155,"callidus, callida, callidum",,"clever, cunning",
156,"candidātus, candidātī",masculine,candidate,
157,"canis, canis",masculine,dog,
158,"cantō, cantāre, cantāvī",,"sing, chant",
159,"capillī, capillōrum pl.",masculine,hair,
160,"capiō, capere, cēpī, captus",,"take, catch, capture",
161,cōnsilium capere,,"make a plan, have an idea",
162,"captīvus, captīvī",masculine,"prisoner, captive",
163,"caput, capitis",neuter,head,
164,"carcer, carceris",masculine,prison,
165,"carnifex, carnificis",masculine,executioner,
166,"cārus, cāra, cārum",,dear,
167,"casa, casae",feminine,small house,
168,"castra, castrōrum pl.",neuter,camp,
169,"catēna, catēnae",feminine,chain,
170,"caudex, caudicis",masculine,"blockhead, idiot",
171,"caupō, caupōnis",masculine,innkeeper,
172,"causa, causae",feminine,"reason, cause",
173,cautē,,cautiously,
174,cecidī,,"cadō, cadere, cecidī (fall)",See entry index: 149
175,"cēdō, cēdere, cessī",,"give in, give way",
176,"celebrō, celebrāre, celebrāvī, celebrātus",,celebrate,
177,"celer, celeris, celere",,"quick, fast",
178,"celerrimus, celerrima, celerrimum",,very fast,
179,celeriter,,"quickly, fast",
180,celerrimē,,"very quickly, very fast",
181,quam celerrimē,,as quickly as possible,
182,"cella, cellae",feminine,"cell, sanctuary",
183,"cēlō, cēlāre, cēlāvī, cēlātus",,hide,
184,"cēna, cēnae",feminine,dinner,
185,"cēnō, cēnāre, cēnāvī",,"dine, have dinner",
186,centum,,a hundred,
187,"centuriō, centuriōnis",masculine,centurion,
188,cēpī,,"capiō, capere, cēpī, captus (take, catch, capture)",See entry index: 160
189,"cēra, cērae",feminine,"wax, wax tablet",
190,"certāmen, certāminis",neuter,"struggle, contest, fight",
191,"certus, certa, certum",,"certain, infallible",
192,prō certō habēre,,know for certain,
193,cessī,,"cēdō, cēdere, cessī (give in, give way)",See entry index: 175
194,"cēterī, cēterae, cētera,  pl.",,"the others, the rest",
195,"cibus, cibī",masculine,food,
196,circum,,around,
197,"circumspectō, circumspectāre, circumspectāvī",,look round,
198,"circumveniō, circumvenīre, circumvēnī, circumventus",,surround,
199,"cīvis, cīvisf.",masculine,citizen,
200,clam,,"secretly, in private",
201,"clāmō, clāmāre, clāmāvī",,shout,
202,"clāmor, clāmōris",masculine,"shout, uproar",
203,"clārus, clāra, clārum",,"famous, distinguished",
204,"claudō, claudere, clausī, clausus",,"shut, close, block",
205,"clēmēns, gen. clēmentis",,merciful,
206,Cn.,,Gnaeus,
207,coepī,,I began,
208,"cōgitō, cōgitāre, cōgitāvī",,"think, consider",
209,sēcum cōgitāre,,consider to himself,
210,"cognōscō, cognōscere, cognōvī, cognitus",,"get to know, find out",
211,"cōgō, cōgere, coēgī, coāctus",,"force, compel",
212,"cohors, cohortis",feminine,cohort,
213,"colligō, colligere, collēgī, collēctus",,"gather, collect, assemble",
214,"colloquium, colloquiī",neuter,"talk, chat",
215,"colō, colere, coluī, cultus",,"cultivate, make friends with",
216,"columna, columnae",feminine,"pillar, column",
217,"comes, comitisf.",masculine,"comrade, companion",
218,cōmiter,,"politely, courteously",
219,"commemorō, commemorāre, commemorāvī",,"talk about, mention, recall",
220,"committō, committere, commīsī, commissus",,"commit, begin",
221,"commodus, commoda, commodum",,convenient,
222,"commōtus, commōta, commōtum",,"moved, alarmed, excited, distressed, upset",
223,"comparō, comparāre, comparāvī, comparātus",,obtain,
224,"compleō, complēre, complēvī, complētus",,fill,
225,"comprehendō, comprehendere, comprehendī, comprehēnsus",,"arrest, seize",
226,"cōnficiō, cōnficere, cōnfēcī, cōnfectus",,finish,
227,"cōnfīdō, cōnfīdere",,trust,
228,"coniūrō, coniūrāre, coniūrāvī",,"plot, conspire",
229,"cōnscendō, cōnscendere, cōnscendī",,"climb on, embark on, go on board, mount",
230,"cōnsentiō, cōnsentīre, cōnsēnsī",,agree,
231,"cōnsīdō, cōnsīdere, cōnsēdī",,sit down,
232,"cōnsilium, cōnsiliī",neuter,"plan, idea, advice",
233,cōnsilium capere,,"make a plan, have an idea",
234,"cōnsistō, cōnsistere, cōnstitī",,"stand one's ground, stand firm, halt, stop",
235,"cōnspectus, cōnspectūs",masculine,sight,
236,"cōnspicātus, cōnspicāta, cōnspicātum",,having caught sight of,
237,"cōnspiciō, cōnspicere, cōnspexī, cōnspectus",,catch sight of,
238,"cōnstituō, cōnstituere, cōnstituī, cōnstitūtus",,decide,
239,"cōnsulō, cōnsulere, cōnsuluī, cōnsultus",,consult,
240,"cōnsūmō, cōnsūmere, cōnsūmpsī, cōnsūmptus",,eat,
241,"contemnō, contemnere, contempsī, contemptus",,"reject, despise",
242,"contendō, contendere, contendī",,hurry,
243,"contentiō, contentiōnis",feminine,argument,
244,"contentus, contenta, contentum",,satisfied,
245,"contineō, continēre, continuī",,contain,
246,"continuus, continua, continuum",,"continuous, on end",
247,"contrārius, contrāria, contrārium",,opposite,
248,"contumēlia, contumēliae",feminine,"insult, abuse",
249,"convalēscō, convalēscere, convaluī",,"get better, recover",
250,"conveniō, convenīre, convēnī",,"come together, gather, meet",
251,"conversus, conversa, conversum",,having turned,
252,"coquō, coquere, coxī, coctus",,cook,
253,"coquus, coquī",masculine,cook,
254,"corpus, corporis",neuter,body,
255,"corrumpō, corrumpere, corrūpī, corruptus",,corrupt,
256,cotīdiē,,every day,
257,"crēdō, crēdere, crēdidī",,"trust, believe, have faith in",
258,"creō, creāre, creāvī, creātus",,"make, create",
259,"crūdēlis, crūdēle",,cruel,
260,"cruentus, cruenta, cruentum",,covered in blood,
261,"cubiculum, cubiculī",neuter,bedroom,
262,cucurrī,,{see} [currō]
263,cui ({dative of} quī),,"to whom, to which",
264,cuius ({genitive of} quī),,"whose, of which",
265,"culīna, culīnae",feminine,kitchen,
266,cum,,(1) when,
267,cum,,(2) with,
268,"cupiō, cupere, cupīvī",,want,
269,cūr?,,why?,
270,"cūra, cūrae",feminine,care,
271,"cūrō, cūrāre, cūrāvī",,"look after, supervise",
272,"currō, currere, cucurrī",,run,
273,"custōdiō, custōdīre, custōdīvī, custōdītus",,guard,
274,"custōs, custōdis",masculine,guard,
275,"damnō, damnāre, damnāvī, damnātus",,condemn,
276,dare,,"accidō, accidere, accidī (happen)",See entry index: 6
277,dē,,"from, down from; about",
278,"dea, deae",feminine,goddess,
279,"dēbeō, dēbēre, dēbuī, dēbitus",,"owe, ought, should, must",
280,decem,,ten,
281,"dēcidō, dēcidere, dēcidī",,fall down,
282,"decimus, decima, decimum",,tenth,
283,"dēcipiō, dēcipere, dēcēpī, dēceptus",,"deceive, fool",
284,"decōrus, decōra, decōrum",,"right, proper",
285,dedī,,"accidō, accidere, accidī (happen)",See entry index: 6
286,"dēfendō, dēfendere, dēfendī, dēfēnsus",,defend,
287,"dēfīxiō, dēfīxiōnis",feminine,curse,
288,"dēiciō, dēicere, dēiēcī, dēiectus",,"throw down, throw",
289,deinde,,then,
290,"dēlectō, dēlectāre, dēlectāvī, dēlectātus",,"delight, please",
291,"dēleō, dēlēre, dēlēvī, dēlētus",,destroy,
292,"dēliciae, dēliciārum pl.",feminine,darling,
293,"dēligō, dēligāre, dēligāvī, dēligātus",,"bind, tie, tie up",
294,"dēmittō, dēmittere, dēmīsī, dēmissus",,"let down, lower",
295,"dēmōnstrō, dēmōnstrāre, dēmōnstrāvī, dēmōnstrātus",,"point out, show",
296,"dēmoveō, dēmovēre, dēmōvī, dēmōtus",,dismiss,
297,"dēnārius, dēnāriī",masculine,a denarius (coin),
298,dēnique,,"at last, finally",
299,"dēnūntiō, dēnūntiāre, dēnūntiāvī, dēnūntiātus",,"denounce, reveal",
300,"dēpōnō, dēpōnere, dēposuī, dēpositus",,"put down, take off",
301,"dērīdeō, dērīdēre, dērīsī",,"mock, jeer at",
302,"dēscendō, dēscendere, dēscendī",,come down,
303,"dēserō, dēserere, dēseruī, dēsertus",,desert,
304,"dēsiliō, dēsilīre, dēsiluī",,jump down,
305,"dēsinō, dēsinere",,"end, cease",
306,"dēspērō, dēspērāre, dēspērāvī",,despair,
307,"dēstinō, dēstināre, dēstināvī, dēstinātus",,intend,
308,"dēstringō, dēstringere, dēstrīnxī, dēstrictus",,"draw out, draw (a sword)",
309,"dētestātus, dētestāta, dētestātum",,having cursed,
310,"deus, deī",masculine,god,
311,dī immortālēs!,,heavens above!,
312,"Dēva, Dēvae",feminine,Chester,
313,"dēvorō, dēvorāre, dēvorāvī, dēvorātus",,"devour, eat up",
314,"dīcō, dīcere, dīxī, dictus",,say,
315,"dictō, dictāre, dictāvī, dictātus",,dictate,
316,"diēs, diēī",masculine,day,
317,"diēs nātālis, diēī nātālis",masculine,birthday,
318,"difficilis, difficile",,difficult,
319,"difficillimus, difficillima, difficillimum",,very difficult,
320,"difficultās, difficultātis",feminine,difficulty,
321,"diffīsus, diffīsa, diffīsum",,having distrusted,
322,"dignitās, dignitātis",feminine,"dignity, importance, prestige",
323,"dignus, digna, dignum",,"worthy, appropriate",
324,dīligenter,,"carefully, diligently",
325,"dīligentia, dīligentiae",feminine,"industry, hard work",
326,"dīligō, dīligere, dīlēxī, dīlēctus",,be fond of,
327,"dīmittō, dīmittere, dīmīsī, dīmissus",,"send away, dismiss",
328,"dīrigō, dīrigere, dīrēxī, dīrēctus",,steer,
329,"dīripiō, dīripere, dīripuī, dīreptus",,"pull apart, ransack",
330,"dīrus, dīra, dīrum",,dreadful,
331,dīs,,"deus, deī (god)",See entry index: 310
332,"discēdō, discēdere, discessī",,"depart, leave",
333,"disciplīna, disciplīnae",feminine,"discipline, orderliness",
334,diū,,for a long time,
335,diūtius,,any longer,
336,dīxī,,"dīcō, dīcere, dīxī, dictus (say)",See entry index: 314
337,"dō, dare, dedī, datus",,give,
338,poenās dare,,"pay the penalty, be punished",
339,"doceō, docēre, docuī, doctus",,teach,
340,"doctus, docta, doctum",,"learned, educated, skilful, clever",
341,"doleō, dolēre, doluī",,"hurt, be in pain",
342,graviter dolēre,,be extremely painful,
343,"dolus, dolī",masculine,trickery,
344,"domina, dominae",feminine,"mistress, madam",
345,"dominus, dominī",masculine,master,
346,"domus, domūs",feminine,home,
347,domum redīre,,return home,
348,"dōnum, dōnī",neuter,"present, gift",
349,"dormiō, dormīre, dormīvī",,sleep,
350,"dūcō, dūcere, dūxī, ductus",,"lead, take",
351,"duo, duae, duo",,two,
352,"dūrus, dūra, dūrum",,"harsh, hard",
353,"ē, ex",,"from, out of",
354,ea,,those things,
355,eādem,,the same,
356,eam,,her,
357,eās,,them,
358,"ēbrius, ēbria, ēbrium",,drunk,
359,ecce!,,see! look!,
360,"efficiō, efficere, effēcī, effectus",,"carry out, accomplish",
361,"effugiō, effugere, effūgī",,escape,
362,"effundō, effundere, effūdī, effūsus",,pour out,
363,"ego, meī",,"I, me",
364,mēcum,,with me,
365,"ēgressus, ēgressa, ēgressum",,having gone out,
366,ēheu!,,oh dear! oh no!,
367,eī,,"to him, to her, to it",
368,"ēiciō, ēicere, ēiēcī, ēiectus",,throw out,
369,eīs,,to them,
370,eius,,"his, of him",
371,"ēlāpsus, ēlāpsa, ēlāpsum",,having escaped,
372,"ēligō, ēligere, ēlēgī, ēlēctus",,choose,
373,"ēmittō, ēmittere, ēmīsī, ēmissus",,"throw, send out",
374,"emō, emere, ēmī, ēmptus",,buy,
375,ēn!,,look!,
376,ēn iūstitia!,,so this is justice!,
377,enim,,for,
378,eō,,from him,
379,"eō, īre, iī",,go,
380,eōrum,,"their, of them",
381,eōs,,them,
382,"epistula, epistulae",feminine,letter,
383,"eques, equitis",masculine,horseman,
384,"equitō, equitāre, equitāvī",,ride,
385,"equus, equī",masculine,horse,
386,eram,,"absum, abesse, āfuī (be out, be absent, be away)",See entry index: 3
387,"ēripiō, ēripere, ēripuī, ēreptus",,"snatch, tear",
388,"errō, errāre, errāvī",,make a mistake,
389,longē errāre,,make a big mistake,
390,"ērumpō, ērumpere, ērūpī, ēruptus",,break away,
391,est,,"absum, abesse, āfuī (be out, be absent, be away)",See entry index: 3
392,"ēsuriō, ēsurīre",,be hungry,
393,et,,and,
394,et ... et,,both ... and,
395,etiam,,"even, also",
396,nōn sōlum ... sed etiam,,not only ... but also,
397,euge!,,hurray!,
398,eum,,him,
399,"ex, ē",,"from, out of",
400,"exanimātus, examināta, exanimātum",,unconscious,
401,"excipiō, excipere, excēpī, exceptus",,receive,
402,"excitō, excitāre, excitāvī, excitātus",,"arouse, wake up",
403,"exclāmō, exclāmāre, exclāmāvī",,"exclaim, shout",
404,"excruciō, excruciāre, excruciāvī, excruciātus",,"torture, torment",
405,"exeō, exīre, exiī",,go out,
406,"exerceō, exercēre, exercuī, exercitus",,"practise, exercise",
407,"expellō, expellere, expulī, expulsus",,throw out,
408,"explicō, explicāre, explicāvī, explicātus",,explain,
409,"explōrātor, explōrātōris",masculine,"scout, spy",
410,"exquīsītus, exquīsīta, exquīsītum",,special,
411,"exspectō, exspectāre, exspectāvī, exspectātus",,wait for,
412,"exstinguō, exstinguere, exstīnxī, exstīnctus",,"extinguish, destroy",
413,"exstruō, exstruere, exstrūxī, exstrūctus",,build,
414,"exsultō, exsultāre, exsultāvī",,"exult, be triumphant",
415,"extorqueō, extorquēre, extorsī, extortus",,extort,
416,extrā,,outside,
417,"extrahō, extrahere, extrāxī, extractus",,"pull out, take out",
418,"exuō, exuere, exuī, exūtus",,take off,
419,"faber, fabrī",masculine,craftsman,
420,"fābula, fābulae",feminine,"story, play",
421,facēs,,{see} [fax]
422,facile,,easily,
423,"facilis, facile",,easy,
424,"facinus, facinoris",neuter,crime,
425,"faciō, facere, fēcī, factus",,"make, do",
426,impetum facere,,"charge, make an attack",
427,sēditiōnem facere,,revolt,
428,"fallō, fallere, fefellī, falsus",,deceive,
429,"falsum, falsī",neuter,"lie, untruth",
430,"falsus, falsa, falsum",,"false, untrue, dishonest",
431,"faveō, favēre, fāvī",,"favour, support",
432,"fax, facis",feminine,torch,
433,fēcī,,"faciō, facere, fēcī, factus (make, do)",See entry index: 425
434,fefellī,,"fallō, fallere, fefellī, falsus (deceive)",See entry index: 428
435,"fēlīx, gen. fēlīcis",,lucky,
436,"fēmina, fēminae",feminine,woman,
437,"fenestra, fenestrae",feminine,window,
438,"ferō, ferre, tulī, lātus",,"bring, carry",
439,graviter ferre,,take badly,
440,ferōciter,,fiercely,
441,"ferōx, gen. ferōcis",,"fierce, ferocious",
442,"fessus, fessa, fessum",,tired,
443,"festīnō, festīnāre, festīnāvī",,hurry,
444,"fībula, fībulae",feminine,brooch,
445,"fidēlis, fidēle",,"faithful, loyal",
446,"fidēs, fideī",feminine,"loyalty, trustworthiness",
447,"fīlia, fīliae",feminine,daughter,
448,"fīlius, fīliī",masculine,son,
449,"flamma, flammae",feminine,flame,
450,"flōs, flōris",masculine,flower,
451,"flūmen, flūminis",neuter,river,
452,"fluō, fluere, flūxī",,flow,
453,"fōns, fontis",masculine,"fountain, spring",
454,fortasse,,perhaps,
455,forte,,by chance,
456,"fortis, forte",,brave,
457,fortiter,,bravely,
458,"fortūna, fortūnae",feminine,"fortune, luck",
459,"fortūnātus, fortūnāta, fortūnātum",,lucky,
460,"forum, forī",neuter,"forum, market,place",
461,"fossa, fossae",feminine,ditch,
462,"frāter, frātris",masculine,brother,
463,"fraus, fraudis",feminine,trick,
464,"frūmentum, frūmentī",neuter,grain,
465,frūstrā,,in vain,
466,"fuga, fugae",feminine,escape,
467,"fugiō, fugere, fūgī",,"run away, flee (from)",
468,"fugitīvus, fugitīvī",masculine,fugitive,
469,fuī,,"absum, abesse, āfuī (be out, be absent, be away)",See entry index: 3
470,"fundō, fundere, fūdī, fūsus",,pour,
471,"fundus, fundī",masculine,farm,
472,"fūnus, fūneris",neuter,funeral,
473,"fūr, fūris",masculine,thief,
474,"furcifer, furciferī",masculine,scoundrel,
475,"furēns, gen. furentis",,"furious, in a rage",
476,"fūstis, fūstis",masculine,"club, stick",
477,"garriō, garrīre, garrīvī",,"chatter, gossip",
478,"garum, garī",neuter,sauce,
479,"gaudeō, gaudēre",,"be pleased, rejoice",
480,"gemitus, gemitūs",masculine,groan,
481,"gemma, gemmae",feminine,"gem, jewel",
482,"gēns, gentis",feminine,"family, tribe",
483,ubi gentium?,,where in the world?,
484,"genū, genūs",neuter,knee,
485,"gerō, gerere, gessī, gestus",,wear,
486,bellum gerere,,"wage war, campaign",
487,"gladiātor, gladiātōris",masculine,gladiator,
488,"gladius, gladiī",masculine,sword,
489,"Graecia, Graeciae",feminine,Greece,
490,"grātiae, grātiārum pl.",feminine,thanks,
491,grātiās agere,,"give thanks, thank",
492,grātīs,,free,
493,"gravis, grave",,"heavy, serious",
494,graviter,,"heavily, seriously, soundly",
495,graviter dolēre,,be extremely painful,
496,graviter ferre,,take badly,
497,"gustō, gustāre, gustāvī",,taste,
498,"guttur, gutturis",neuter,throat,
499,"habeō, habēre, habuī, habitus",,have,
500,in memoriā habēre,,"keep in mind, remember",
501,prō certō habēre,,know for certain,
502,sermōnem habēre,,"have a conversation, talk",
503,"habitō, habitāre, habitāvī",,live,
504,"hāc, hae, haec",,{see} [hic]
505,"haereō, haerēre, haesī",,"stick, cling",
506,"haesitō, haesitāre, haesitāvī",,hesitate,
507,hanc,,{see} [hic]
508,"haruspex, haruspicis",masculine,soothsayer,
509,hās,,{see} [hic]
510,"hasta, hastae",feminine,spear,
511,haud,,not,
512,haudquāquam,,not at all,
513,"hauriō, haurīre, hausī, haustus",,"drain, drink up",
514,hercle!,,by Hercules! good heavens!,
515,"hērēs, hērēdisf.",masculine,heir,
516,heri,,yesterday,
517,heus!,,hey!,
518,"hic, haec, hoc",,this,
519,hīc,,here,
520,"hiems, hiemis",feminine,winter,
521,hilarē,,"in high spirits, merrily",
522,hinc,,from here,
523,"Hispānia, Hispāniae",feminine,Spain,
524,"hoc, hōc",,"hic, haec, hoc (this)",See entry index: 518
525,hodiē,,today,
526,"homō, hominis",masculine,"human being, man",
527,"homunculus, homunculī",masculine,little man,
528,"honor, honōris",masculine,"honour, public position",
529,"honōrō, honōrāre, honōrāvī",,honour,
530,"hōra, hōrae",feminine,hour,
531,"horreum, horreī",neuter,"barn, granary",
532,"hortātus, hortāta, hortātum",,having encouraged,
533,"hortus, hortī",masculine,garden,
534,hōrum,,"hic, haec, hoc (this)",See entry index: 518
535,"hospes, hospitis",masculine,"guest, host",
536,"hostis, hostisf.",masculine,enemy,
537,hūc,,"here, to this place",
538,huic,,to this ({dative of} hic),
539,huius,,of this ({genitive of} hic),
540,"humus, humī",feminine,ground,
541,humī,,on the ground,
542,hunc,,"hic, haec, hoc (this)",See entry index: 518
543,"iaceō, iacēre, iacuī",,lie,
544,"iaciō, iacere, iēcī, iactus",,throw,
545,"iactō, iactāre, iactāvī, iactātus",,throw,
546,iam,,now,
547,"iānua, iānuae",feminine,door,
548,ībam,,"abeō, abīre, abiī (go away)",See entry index: 1
549,ibi,,there,
550,id,,it,
551,"iecur, iecoris",neuter,liver,
552,igitur,,"therefore, and so",
553,"ignārus, ignāra, ignārum",,"not knowing, unaware",
554,"ignāvus, ignāva, ignāvum",,"lazy, cowardly",
555,iī,,"abeō, abīre, abiī (go away)",See entry index: 1
556,"ille, illa, illud",,"that, he, she",
557,illūc,,"there, to that place",
558,"immineō, imminēre, imminuī",,hang over,
559,"immortālis, immortāle",,immortal,
560,dī immortālēs!,,heavens above!,
561,"immōtus, immōta, immōtum",,"still, motionless",
562,"impediō, impedīre, impedīvī, impedītus",,"delay, hinder",
563,"impellō, impellere, impulī, impulsus",,"carry, push, force",
564,"imperātor, imperātōris",masculine,emperor,
565,"imperium, imperiī",neuter,empire,
566,"imperō, imperāre, imperāvī",,"order, command",
567,"impetus, impetūs",masculine,attack,
568,impetum facere,,"charge, make an attack",
569,"impōnō, impōnere, imposuī, impositus",,impose,
570,"importō, importāre, importāvī, importātus",,import,
571,"imprecātiō, imprecātiōnis",feminine,curse,
572,impulī,,"impellō, impellere, impulī, impulsus (carry, push, force)",See entry index: 563
573,in,,"in, on; into, onto",
574,"inānis, ināne",,"empty, meaningless",
575,"incendō, incendere, incendī, incēnsus",,"burn, set on fire",
576,"incēnsus, incēnsa, incēnsum",,"inflamed, angered",
577,"incertus, incerta, incertum",,uncertain,
578,"incidō, incidere, incidī",,fall,
579,"incipiō, incipere, incēpī, inceptus",,begin,
580,"incitō, incitāre, incitāvī, incitātus",,"urge on, encourage",
581,"inclūsus, inclūsa, inclūsum",,"shut up, imprisoned, trapped",
582,"incurrō, incurrere, incurrī",,"run onto, collide, bump into",
583,"indicium, indiciī",neuter,"sign, evidence",
584,"induō, induere, induī, indūtus",,put on,
585,inest,,{see} [īnsum]
586,"īnfāns, īnfantis",masculine,"child, baby",
587,"īnfēlīx, gen. īnfēlīcis",,unlucky,
588,"īnferō, īnferre, intulī, inlātus",,"bring in, bring on",
589,"īnfestus, īnfesta, īnfestum",,"hostile, dangerous",
590,"ingenium, ingeniī",neuter,character,
591,"ingēns, gen. ingentis",,huge,
592,"ingravēscō, ingravēscere",,grow worse,
593,"ingressus, ingressa, ingressum",,having entered,
594,"iniciō, inicere, iniēcī, iniectus",,throw in,
595,"inimīcitia, inimīcitiae",feminine,"feud, quarrel",
596,"inimīcus, inimīcī",masculine,enemy,
597,"iniūria, iniūriae",feminine,"injustice, injury",
598,"innīxus, innīxa, innīxum",,having leant,
599,"innocēns, gen. innocentis",,innocent,
600,inquit,,"says, said",
601,inquam,,I said,
602,"īnsānia, īnsāniae",feminine,"madness, insanity",
603,"īnsāniō, īnsānīre, īnsānīvī",,"be mad, be insane",
604,"īnsānus, īnsāna, īnsānum",,"mad, crazy",
605,"īnsidiae, īnsidiārum pl.",feminine,"trap, ambush",
606,"īnsolēns, gen. īnsolentis",,"rude, insolent",
607,īnsolenter,,"rudely, insolently",
608,"īnspiciō, īnspicere, īnspexī, īnspectus",,"look at, inspect, examine",
609,"īnstruō, īnstruere, īnstrūxī, īnstrūctus",,draw up,
610,"īnsula, īnsulae",feminine,island,
611,"īnsum, inesse, īnfuī",,be inside,
612,"intellegō, intellegere, intellēxī, intellēctus",,understand,
613,intentē,,"closely, carefully",
614,inter,,"among, between",
615,inter sē,,"among themselves, with each other",
616,intereā,,meanwhile,
617,"interficiō, interficere, interfēcī, interfectus",,kill,
618,"interrogō, interrogāre, interrogāvī, interrogātus",,question,
619,"intrō, intrāre, intrāvī",,enter,
620,intulī,,"īnferō, īnferre, intulī, inlātus (bring in, bring on)",See entry index: 588
621,intus,,inside,
622,"inveniō, invenīre, invēnī, inventus",,find,
623,"invītō, invītāre, invītāvī, invītātus",,invite,
624,"invītus, invīta, invītum",,"unwilling, reluctant",
625,iō!,,hurray!,
626,"iocus, iocī",masculine,joke,
627,"ipse, ipsa, ipsum",,"himself, herself, itself",
628,"īra, īrae",feminine,anger,
629,"īrātus, īrāta, īrātum",,angry,
630,īre,,"abeō, abīre, abiī (go away)",See entry index: 1
631,"irrumpō, irrumpere, irrūpī, irruptus",,"burst in, burst into",
632,"iste, ista, istud",,that,
633,ita,,in this way,
634,ita vērō,,yes,
635,"Ītalia, Ītaliae",feminine,Italy,
636,itaque,,and so,
637,"iter, itineris",neuter,"journey, progress",
638,iterum,,again,
639,"iubeō, iubēre, iussī, iussus",,order,
640,"iūdex, iūdicis",masculine,judge,
641,"iugulum, iugulī",neuter,throat,
642,"iussum, iussī",neuter,"instruction, order",
643,"iūstitia, iūstitiae",feminine,justice,
644,"iuvenis, iuvenis",masculine,young man,
645,L.,,Lūcius,
646,"labefaciō, labefacere, labefēcī, labefactus",,weaken,
647,"labor, labōris",masculine,work,
648,"labōrō, labōrāre, labōrāvī",,work,
649,"labrum, labrī",neuter,lip,
650,"lacrima, lacrimae",feminine,tear,
651,"lacrimō, lacrimāre, lacrimāvī",,"weep, cry",
652,"laedō, laedere, laesī, laesus",,harm,
653,laetē,,happily,
654,"laetus, laeta, laetum",,happy,
655,"lāpsus, lāpsa, lāpsum",,having fallen,
656,"lateō, latēre, latuī",,lie hidden,
657,"lātrō, lātrāre, lātrāvī",,bark,
658,"latrō, latrōnis",masculine,"robber, thug",
659,"laudō, laudāre, laudāvī, laudātus",,praise,
660,"lavō, lavāre, lāvī, lautus",,wash,
661,"lectus, lectī",masculine,"couch, bed",
662,"lēgātus, lēgātī",masculine,commander,
663,"legiō, legiōnis",feminine,legion,
664,"lēgō, lēgāre, lēgāvī, lēgātus",,bequeath,
665,"legō, legere, lēgī, lēctus",,read,
666,lentē,,slowly,
667,"leō, leōnis",masculine,lion,
668,"lēx, lēgis",feminine,law,
669,libenter,,gladly,
670,"liber, librī",masculine,book,
671,"līberālis, līberāle",,generous,
672,"līberī, līberōrum pl.",masculine,children,
673,"līberō, līberāre, līberāvī, līberātus",,"free, set free",
674,"lībertus, lībertī",masculine,"freedman, ex,slave",
675,"lingua, linguae",feminine,tongue,
676,"lītus, lītoris",neuter,"sea,shore, shore",
677,"līvidus, līvida, līvidum",,"lead,coloured",
678,"locus, locī",masculine,place,
679,"locūtus, locūta, locūtum",,having spoken,
680,longē,,"far, a long way",
681,longē errāre,,make a big mistake,
682,"longus, longa, longum",,long,
683,"loquāx, gen. loquācis",,talkative,
684,"lucerna, lucernae",feminine,lamp,
685,"lūdō, lūdere, lūsī",,play,
686,"lūna, lūnae",feminine,moon,
687,"madidus, madida, madidum",,soaked through,
688,"magicus, magica, magicum",,magic,
689,magnopere,,greatly,
690,maximē,,"very greatly, very much, most of all",
691,"magnus, magna, magnum",,"big, large, great",
692,"maior, gen. maiōris",,"bigger, larger, greater",
693,"maximus, maxima, maximum",,"very big, very large, very great",
694,mālim,,I should prefer,
695,"malus, mala, malum",,"evil, bad",
696,"peior, gen. peiōris",,worse,
697,"pessimus, pessima, pessimum",,"worst, very bad",
698,"mandātum, mandātī",neuter,"instruction, order",
699,"mandō, mandāre, mandāvī, mandātus",,"order, entrust, hand over",
700,māne,,in the morning,
701,"maneō, manēre, mānsī",,"remain, stay",
702,"manus, manūs",feminine,(1) hand,
703,"manus, manūs",feminine,(2) band (of men),
704,"mare, maris",neuter,sea,
705,"marītus, marītī",masculine,husband,
706,"Mārs, Mārtis",masculine,Mars (god of war),
707,"māter, mātris",feminine,mother,
708,"mātrimōnium, mātrimōniī",neuter,marriage,
709,maximē,,"very greatly,  very much, most of all",
710,"maximus, maxima, maximum",,"very big, very large, very great",
711,mē,,"ego, meī (I, me)",See entry index: 363
712,"medicus, medicī",masculine,doctor,
713,"medius, media, medium",,middle,
714,"melior, melius",,better,
715,melius est,,it would be better,
716,"memoria, memoriae",feminine,memory,
717,in memoriā habēre,,"keep in mind, remember",
718,"mendāx, mendācis",masculine,liar,
719,"mendāx, gen. mendācis",,"lying, deceitful",
720,"mēnsa, mēnsae",feminine,table,
721,"mēnsis, mēnsis",masculine,month,
722,"mercātor, mercātōris",masculine,merchant,
723,"meritus, merita, meritum",,"well,deserved",
724,"metus, metūs",masculine,fear,
725,"meus, mea, meum",,"my, mine",
726,mī Quīnte,,my dear Quintus,
727,mihi,,"ego, meī (I, me)",See entry index: 363
728,"mīles, mīlitis",masculine,soldier,
729,"mīlitō, mīlitāre, mīlitāvī",,be a soldier,
730,mīlle,,a thousand,
731,mīlia,,thousands,
732,minimē!,,no!,
733,"minimus, minima, minimum",,"very little, least",
734,"minor, gen. minōris",,"less, smaller",
735,"mīrābilis, mīrābile",,"extraordinary, strange",
736,"misceō, miscēre, miscuī, mixtus",,mix,
737,"miser, misera, miserum",,"miserable, wretched, sad",
738,ō mē miserum!,,oh wretched me! oh dear!,
739,"mittō, mittere, mīsī, missus",,send,
740,"modus, modī",masculine,"manner, way, kind",
741,quō modō?,,how? in what way?,
742,rēs huius modī,,a thing of this kind,
743,"molestus, molesta, molestum",,troublesome,
744,"molliō, mollīre, mollīvī, mollītus",,soothe,
745,"mollis, molle",,"soft, gentle",
746,"mōmentum, mōmentī",neuter,importance,
747,"moneō, monēre, monuī, monitus",,"warn, advise",
748,"mōns, montis",masculine,mountain,
749,"mora, morae",feminine,delay,
750,"morbus, morbī",masculine,illness,
751,(eī) moriendum est,,(he) must die,
752,"mors, mortis",feminine,death,
753,"mortuus, mortua, mortuum",,dead,
754,mox,,soon,
755,"multitūdō, multitūdinis",feminine,crowd,
756,multō,,much,
757,"multus, multa, multum",,much,
758,multī,,many,
759,"plūs, gen. plūris",,more,
760,"plūrimī, plūrimae, plūrima",,very many,
761,"plūrimus, plūrima, plūrimum",,most,
762,"mūrus, mūrī",masculine,wall,
763,"mūs, mūrisf.",masculine,mouse,
764,nam,,for,
765,"nārrō, nārrāre, nārrāvī, nārrātus",,"tell, relate",
766,"nāsus, nāsī",masculine,nose,
767,"(diēs) nātālis, (diēī) nātālis",masculine,birthday,
768,"nauta, nautae",masculine,sailor,
769,"nāvigō, nāvigāre, nāvigāvī",,sail,
770,"nāvis, nāvis",feminine,ship,
771,necesse,,necessary,
772,"necō, necāre, necāvī, necātus",,kill,
773,"neglegēns, gen. neglegentis",,"careless, taking no notice of",
774,"neglegō, neglegere, neglēxī, neglēctus",,"neglect, ignore, disregard",
775,"negōtium, negōtiī",neuter,business,
776,negōtium agere,,"do business, work",
777,nēmō,,"no one, nobody",
778,neque,,and not,
779,neque ... neque,,neither ... nor,
780,"nescio, nescīre, nescīvī",,not know,
781,"niger, nigra, nigrum",,black,
782,nihil,,nothing,
783,nihil perīculī,,no danger,
784,nimis,,too,
785,nimium,,too much,
786,"nōbilis, nōbile",,"noble, of noble birth",
787,nōbīs,,"agnōscō, agnōscere, agnōvī, agnitus (recognise)",See entry index: 39
788,"noceō, nocēre, nocuī",,"hurt, harm",
789,noctū,,by night,
790,"nōlō, nōlle, nōluī",,not want,
791,"nōlī, nōlīte",,"do not, don't",
792,"nōmen, nōminis",neuter,name,
793,nōn,,not,
794,nōnāgintā,,ninety,
795,nōnne?,,surely?,
796,"nōnnūllī, nōnnūllae, nōnnūlla",,"some, several",
797,"nōnus, nōna, nōnum",,ninth,
798,nōs,,"we, us",
799,"noster, nostra, nostrum",,our,
800,"nōtus, nōta, nōtum",,"known, well,known, famous",
801,novem,,nine,
802,nōvī,,I know,
803,"novus, nova, novum",,new,
804,"nox, noctis",feminine,night,
805,noctū,,by night,
806,"nūllus, nūlla, nūllum",,"not any, no",
807,num?,,(1) surely ... not?,
808,num,,(2) whether,
809,"numerō, numerāre, numerāvī, numerātus",,count,
810,"numerus, numerī",masculine,number,
811,numquam,,never,
812,nunc,,now,
813,"nūntiō, nūntiāre, nūntiāvī, nūntiātus",,announce,
814,"nūntius, nūntiī",masculine,"messenger, news",
815,nūper,,recently,
816,nusquam,,nowhere,
817,"obdormiō, obdormīre, obdormīvī",,go to sleep,
818,"obēsus, obēsa, obēsum",,fat,
819,"obscūrus, obscūra, obscūrum",,"dark, gloomy",
820,"obstinātus, obstināta, obstinātum",,"obstinate, stubborn",
821,"obstō, obstāre, obstitī",,"obstruct, block the way",
822,obtulī,,{see} [offerō]
823,"obviam eō, obviam īre, obviam iī",,"meet, go to meet",
824,"occīdō, occīdere, occīdī, occīsus",,kill,
825,"occupātus, occupāta, occupātum",,busy,
826,"occupō, occupāre, occupāvī, occupātus",,"seize, take over",
827,"occurrō, occurrere, occurrī",,meet,
828,octō,,eight,
829,octōgintā,,eighty,
830,"oculus, oculī",masculine,eye,
831,ōdī,,I hate,
832,"offerō, offerre, obtulī, oblātus",,offer,
833,ōlim,,"once, some time ago",
834,"ōmen, ōminis",neuter,omen (sign from the gods),
835,omnīnō,,completely,
836,"omnis, omne",,all,
837,omnia,,"all, everything",
838,"opēs, opum pl.",feminine,"money, wealth",
839,"oppidum, oppidī",neuter,town,
840,"opprimō, opprimere, oppressī, oppressus",,crush,
841,"oppugnō, oppugnāre, oppugnāvī, oppugnātus",,attack,
842,optimē,,very well,
843,"optimus, optima, optimum",,"very good, excellent, best",
844,"optiō, optiōnis",masculine,optio (military officer ranking below centurion),
845,"ōrātiō, ōrātiōnis",feminine,speech,
846,"ōrdō, ōrdinis",masculine,"row, line",
847,"ōrnāmentum, ōrnāmentī",neuter,"ornament, decoration",
848,"ōrnātus, ōrnāta, ōrnātum",,"decorated, elaborately furnished",
849,"ōrnō, ōrnāre, ōrnāvī, ōrnātus",,decorate,
850,"ōrō, ōrāre, ōrāvī",,beg,
851,"ōs, ōris",neuter,face,
852,"ōsculum, ōsculī",neuter,kiss,
853,"ostendō, ostendere, ostendī, ostentus",,show,
854,paene,,"nearly, almost",
855,"pallēscō, pallēscere, palluī",,grow pale,
856,"pallidus, pallida, pallidum",,pale,
857,"pallium, palliī",neuter,cloak,
858,"parcō, parcere, pepercī",,spare,
859,"parēns, parentisf.",masculine,parent,
860,"pāreō, pārēre, pāruī",,obey,
861,"parō, parāre, parāvī, parātus",,prepare,
862,"pars, partis",feminine,part,
863,"parvus, parva, parvum",,"small, little",
864,"minor, gen. minōris",,"less, smaller",
865,"minimus, minima, minimum",,"very little, least",
866,"passus, passa, passum",,having suffered,
867,"pāstor, pāstōris",masculine,shepherd,
868,"patefaciō, patefacere, patefēcī, patefactus",,reveal,
869,"pater, patris",masculine,father,
870,"patera, paterae",feminine,bowl,
871,"patientia, patientiae",feminine,patience,
872,"paucī, paucae, pauca",,"few, a few",
873,paulō,,a little,
874,"pāx, pācis",feminine,peace,
875,"pecūnia, pecūniae",feminine,money,
876,"peior, gen. peiōris",,worse,
877,per,,"through, along",
878,"perdomitus, perdomita, perdomitum",,conquered,
879,"pereō, perīre, periī",,"die, perish",
880,"perfidia, perfidiae",feminine,treachery,
881,"perfidus, perfida, perfidum",,"treacherous, untrustworthy",
882,"perfuga, perfugae",masculine,deserter,
883,"perīculōsus, perīculōsa, perīculōsum",,dangerous,
884,"perīculum, perīculī",neuter,danger,
885,periī,,"pereō, perīre, periī (die, perish)",See entry index: 879
886,perītē,,skilfully,
887,"perītus, perīta, perītum",,skilful,
888,"permōtus, permōta, permōtum",,"alarmed, disturbed",
889,"perrumpō, perrumpere, perrūpī, perruptus",,"burst through, burst in",
890,"persecūtus, persecūta, persecūtum",,having pursued,
891,"persōna, persōnae",feminine,character,
892,persōnam agere,,play a part,
893,"persuādeō, persuādēre, persuāsī",,persuade,
894,"perterritus, perterrita, perterritum",,terrified,
895,"perveniō, pervenīre, pervēnī",,"reach, arrive at",
896,"pēs, pedis",masculine,"foot, paw",
897,"pessimus, pessima, pessimum",,"worst, very bad",
898,"pestis, pestis",feminine,"pest, scoundrel",
899,"petō, petere, petīvī, petītus",,"make for, attack; seek, beg for, ask for",
900,"placeō, placēre, placuī",,"please, suit",
901,"plaudō, plaudere, plausī, plausus",,"applaud, clap",
902,"plaustrum, plaustrī",neuter,"wagon, cart",
903,"plēnus, plēna, plēnum",,full,
904,"plūrimus, plūrima, plūrimum",,"most, very much",
905,"plūrimī, plūrimae, plūrima",,very many,
906,"plūs, gen. plūris",,more,
907,plūs vīnī,,more wine,
908,"pōculum, pōculī",neuter,"wine,cup",
909,"poena, poenae",feminine,punishment,
910,poenās dare,,"pay the penalty, be punished",
911,"poēta, poētae",masculine,poet,
912,"poliō, polīre, polīvī, polītus",,polish,
913,"pompa, pompae",feminine,procession,
914,"pōnō, pōnere, posuī, positus",,"place, put, put up",
915,"pōns, pontis",masculine,bridge,
916,"populus, populī",masculine,people,
917,porrō,,"what's more, furthermore",
918,"porta, portae",feminine,gate,
919,"portō, portāre, portāvī, portātus",,carry,
920,"portus, portūs",masculine,harbour,
921,"poscō, poscere, poposcī",,"demand, ask for",
922,"possum, posse, potuī",,"can, be able",
923,post,,"after, behind",
924,posteā,,afterwards,
925,postquam,,"after, when",
926,postrēmō,,"finally, lastly",
927,postrīdiē,,on the next day,
928,"postulō, postulāre, postulāvī, postulātus",,demand,
929,posuī,,"dēpōnō, dēpōnere, dēposuī, dēpositus (put down, take off)",See entry index: 300
930,"potēns, gen. potentis",,powerful,
931,"potestās, potestātis",feminine,power,
932,potius,,rather,
933,potuī,,"possum, posse, potuī (can, be able)",See entry index: 922
934,"praebeō, praebēre, praebuī, praebitus",,"offer, provide",
935,"praeceps, gen. praecipitis",,headlong,
936,"praeficiō, praeficere, praefēcī, praefectus",,put in charge,
937,"praemium, praemiī",neuter,"prize, reward, profit",
938,praesertim,,especially,
939,"praestō, praestāre, praestitī",,"show, display",
940,praetereā,,besides,
941,"prāvus, prāva, prāvum",,evil,
942,"precātus, precāta, precātum",,having prayed (to),
943,"precēs, precum pl.",feminine,prayers,
944,"prēnsō, prēnsāre, prēnsāvī, prēnsātus",,"take hold of, clutch",
945,"pretiōsus, pretiōsa, pretiōsum",,"expensive, precious",
946,"pretium, pretiī",neuter,price,
947,prīmum,,first,
948,"prīmus, prīma, prīmum",,first,
949,in prīmīs,,in particular,
950,"prīnceps, prīncipis",masculine,"chief, chieftain",
951,"prīncipia, prīncipiōrum pl.",neuter,headquarters,
952,prius,,earlier,
953,prō,,"in front of, for, in return for",
954,prō certō habēre,,know for certain,
955,"probus, proba, probum",,honest,
956,"prōcēdō, prōcēdere, prōcessī",,"advance, proceed",
957,"prōcumbō, prōcumbere, prōcubuī",,fall down,
958,"prōcūrātor, prōcūrātōris",masculine,manager,
959,"prōdō, prōdere, prōdidī, prōditus",,betray,
960,"profectus, profecta, profectum",,having set out,
961,"prōgressus, prōgressa, prōgressum",,having advanced,
962,"prohibeō, prohibēre, prohibuī, prohibitus",,prevent,
963,"prōmittō, prōmittere, prōmīsī, prōmissus",,promise,
964,"prōmoveō, prōmovēre, prōmōvī, prōmōtus",,promote,
965,prope,,near,
966,"prōpōnō, prōpōnere, prōposuī, prōpositus",,"propose, put forward",
967,"prōspiciō, prōspicere, prōspexī",,look out,
968,"prōvincia, prōvinciae",feminine,province,
969,"proximus, proxima, proximum",,nearest,
970,"prūdēns, gen. prūdentis",,"shrewd, intelligent, sensible",
971,"prūdentia, prūdentiae",feminine,"shrewdness, intelligence, good sense",
972,"psittacus, psittacī",masculine,parrot,
973,"puella, puellae",feminine,girl,
974,"puer, puerī",masculine,boy,
975,"pugiō, pugiōnis",masculine,dagger,
976,"pugna, pugnae",feminine,fight,
977,"pugnō, pugnāre, pugnāvī",,fight,
978,"pulcher, pulchra, pulchrum",,beautiful,
979,"pulsō, pulsāre, pulsāvī, pulsātus",,"hit, knock at, punch",
980,"pūniō, pūnīre, pūnīvī, pūnītus",,punish,
981,"pūrgō, pūrgāre, pūrgāvī, pūrgātus",,clean,
982,quā,,"coquus, coquī (cook)",See entry index: 253
983,quadrāgintā,,forty,
984,quae,,"coquus, coquī (cook)",See entry index: 253
985,"quaerō, quaerere, quaesīvī, quaesītus",,"search for, look for",
986,"quālis, quāle",,what sort of,
987,quam,,(1) how,
988,quam celerrimē,,as quickly as possible,
989,quam,,(2) than,
990,quam,,"coquus, coquī (cook)",See entry index: 253
991,quamquam,,although,
992,"quantus, quanta, quantum",,how big,
993,"quārtus, quārta, quārtum",,fourth,
994,quattuor,,four,
995,",que",,and,
996,"quī, quae, quod",,"who, which",
997,quicquam (also spelt quidquam),,anything,
998,quid?,,what?,
999,quid vīs?,,what do you want?,
1000,quīdam,,"one, a certain",
1001,quidem,,indeed,
1002,"quiētus, quiēta, quiētum",,quiet,
1003,"quīngentī, quīngentae, quīngenta",,five hundred,
1004,quīnquāgintā,,fifty,
1005,quīnque,,five,
1006,"quīntus, quīnta, quīntum",,fifth,
1007,quis? quid?,,who? what?,
1008,quō?,,(1) where? where to?,
1009,quō,,"coquus, coquī (cook)",See entry index: 253
1010,quō modō?,,how? in what way?,
1011,quod,,(1) because,
1012,quod,,"coquus, coquī (cook)",See entry index: 253
1013,quondam,,"one day, once",
1014,quoque,,"also, too",
1015,quōs,,"coquus, coquī (cook)",See entry index: 253
1016,quot?,,how many?,
1017,quotiēns,,whenever,
1018,"rapiō, rapere, rapuī, raptus",,"seize, grab",
1019,raptim,,"hastily, quickly",
1020,"raucus, rauca, raucum",,harsh,
1021,"recipiō, recipere, recēpī, receptus",,"recover, take back",
1022,"recitō, recitāre, recitāvī, recitātus",,recite,
1023,"recumbō, recumbere, recubuī",,"lie down, recline",
1024,"recūsō, recūsāre, recūsāvī, recūsātus",,refuse,
1025,"reddō, reddere, reddidī, redditus",,"give back, make",
1026,"redeō, redīre, rediī",,"return, go back, come back",
1027,"reditus, reditūs",masculine,return,
1028,"redūcō, redūcere, redūxī, reductus",,lead back,
1029,"referō, referre, rettulī, relātus",,"bring back, carry, deliver, tell, report",
1030,"reficiō, reficere, refēcī, refectus",,repair,
1031,"rēgnum, rēgnī",neuter,kingdom,
1032,"regressus, regressa, regressum",,having returned,
1033,"relinquō, relinquere, relīquī, relictus",,leave,
1034,"remedium, remediī",neuter,cure,
1035,"repetō, repetere, repetīvī, repetītus",,claim,
1036,"rēpō, rēpere, rēpsī",,crawl,
1037,"rēs, reī",feminine,thing,
1038,rem cōgitāre,,consider the problem,
1039,rem cōnficere,,finish the job,
1040,rem intellegere,,understand the truth,
1041,rem nārrāre,,tell the story,
1042,rem suscipere,,undertake the task,
1043,rēs contrāria,,the opposite,
1044,"resistō, resistere, restitī",,resist,
1045,"respondeō, respondēre, respondī",,reply,
1046,"retineō, retinēre, retinuī, retentus",,"keep, hold back",
1047,rettulī,,"referō, referre, rettulī, relātus (bring back, carry, deliver, tell, report)",See entry index: 1029
1048,"reveniō, revenīre, revēnī",,"come back, return",
1049,"rēx, rēgis",masculine,king,
1050,"rīdeō, rīdēre, rīsī",,"laugh, smile",
1051,"rīdiculus, rīdicula, rīdiculum",,"ridiculous, silly",
1052,"rīpa, rīpae",feminine,river bank,
1053,"rogō, rogāre, rogāvī, rogātus",,ask,
1054,"Rōmānī, Rōmānōrum pl.",masculine,Romans,
1055,"Rōmānus, Rōmāna, Rōmānum",,Roman,
1056,"ruō, ruere, ruī",,rush,
1057,rūrsus,,again,
1058,"sacer, sacra, sacrum",,sacred,
1059,"sacerdōs, sacerdōtisf.",masculine,priest,
1060,"sacrificium, sacrificiī",neuter,"offering, sacrifice",
1061,"sacrificō, sacrificāre, sacrificāvī, sacrificātus",,sacrifice,
1062,saepe,,often,
1063,"saeviō, saevīre, saeviī",,be in a rage,
1064,"saevus, saeva, saevum",,"savage, cruel",
1065,"saltātrīx, saltātrīcis",feminine,"dancing,girl",
1066,"saltō, saltāre, saltāvī",,dance,
1067,"salūtō, salūtāre, salūtāvī, salūtātus",,greet,
1068,salvē!,,hello!,
1069,sānē,,obviously,
1070,"sanguis, sanguinis",masculine,blood,
1071,"sānō, sānāre, sānāvī, sānātus",,"heal, cure",
1072,"sānus, sāna, sānum",,"well, healthy",
1073,"sapiēns, gen. sapientis",,wise,
1074,"sapientia, sapientiae",feminine,wisdom,
1075,satis,,enough,
1076,"saxum, saxī",neuter,rock,
1077,"scaena, scaenae",feminine,"stage, scene",
1078,"scelestus, scelesta, scelestum",,wicked,
1079,"scelus, sceleris",neuter,crime,
1080,"scio, scīre, scīvī",,know,
1081,"scrība, scrībae",masculine,"scribe, secretary",
1082,"scrībō, scrībere, scrīpsī, scrīptus",,write,
1083,sē,,"himself, herself, themselves",
1084,inter sē,,"among themselves, with each other",
1085,sēcum,,"with him, with her, with themselves",
1086,sēcum cōgitāre,,consider to himself,
1087,"sēcrētus, sēcrēta, sēcrētum",,secret,
1088,"secundus, secunda, secundum",,second,
1089,"secūtus, secūta, secūtum",,having followed,
1090,sed,,but,
1091,"sedeō, sedēre, sēdī",,sit,
1092,"sēditiō, sēditiōnis",feminine,rebellion,
1093,sēditiōnem facere,,revolt,
1094,"sella, sellae",feminine,chair,
1095,"sēmirutus, sēmiruta, sēmirutum",,"half,collapsed, rickety",
1096,semper,,always,
1097,"senātor, senātōris",masculine,senator,
1098,"senex, senis",masculine,old man,
1099,"sententia, sententiae",feminine,opinion,
1100,"sentiō, sentīre, sēnsī, sensus",,"feel, notice",
1101,"sepeliō, sepelīre, sepelīvī, sepultus",,bury,
1102,septem,,seven,
1103,"septimus, septima, septimum",,seventh,
1104,septuāgintā,,seventy,
1105,"sermō, sermōnis",masculine,conversation,
1106,sermōnem habēre,,"have a conversation, talk",
1107,"servō, servāre, servāvī, servātus",,"save, look after, preserve",
1108,"servus, servī",masculine,slave,
1109,sex,,six,
1110,sexāgintā,,sixty,
1111,sī,,if,
1112,sibi,,"absēns, gen. absentis (absent)",See entry index: 2
1113,sīc,,"thus, in this way",
1114,"siccō, siccāre, siccāvī, siccātus",,dry,
1115,sīcut,,like,
1116,"significō, significāre, significāvī, significātus",,"mean, indicate",
1117,"signō, signāre, signāvī, signātus",,"sign, seal",
1118,"signum, signī",neuter,"sign, seal, signal",
1119,"silentium, silentiī",neuter,silence,
1120,"silva, silvae",feminine,wood,
1121,"simulac, simulatque",,as soon as,
1122,sine,,without,
1123,"situs, sita, situm",,situated,
1124,"sōlācium, sōlāciī",neuter,comfort,
1125,"soleō, solēre",,be accustomed,
1126,sollemniter,,solemnly,
1127,"sollicitus, sollicita, sollicitum",,"worried, anxious",
1128,sōlum,,only,
1129,nōn sōlum ... sed etiam,,not only ... but also,
1130,"sōlus, sōla, sōlum",,"alone, lonely, only, on one's own",
1131,"solūtus, solūta, solūtum",,relaxed,
1132,"sonitus, sonitūs",masculine,sound,
1133,"sordidus, sordida, sordidum",,dirty,
1134,"soror, sorōris",feminine,sister,
1135,"spectāculum, spectāculī",neuter,"show, spectacle",
1136,"spectātor, spectātōris",masculine,spectator,
1137,"spectō, spectāre, spectāvī, spectātus",,"look at, watch",
1138,"spernō, spernere, sprēvī, sprētus",,"despise, reject",
1139,"spērō, spērāre, spērāvī",,"hope, expect",
1140,"spēs, speī",feminine,hope,
1141,"splendidus, splendida, splendidum",,splendid,
1142,"squālidus, squālida, squālidum",,"covered in dirt, filthy",
1143,statim,,at once,
1144,"statiō, statiōnis",feminine,post,
1145,"statua, statuae",feminine,statue,
1146,"stilus, stilī",masculine,"pen, stick",
1147,"stō, stāre, stetī",,stand,
1148,"stola, stolae",feminine,dress,
1149,strēnuē,,"hard, energetically",
1150,"strepitus, strepitūs",masculine,"noise, din",
1151,"studium, studiī",neuter,"enthusiasm, keenness",
1152,"stultitia, stultitiae",feminine,stupidity,
1153,"stultus, stulta, stultum",,stupid,
1154,"suāvis, suāve",,sweet,
1155,sub,,"under, beneath",
1156,subitō,,suddenly,
1157,"subveniō, subvenīre, subvēnī",,"help, come to help",
1158,"sum, esse, fuī",,be,
1159,"summus, summa, summum",,"highest, greatest, top",
1160,sūmptuōsē,,lavishly,
1161,"sūmptuōsus, sūmptuōsa, sūmptuōsum",,"expensive, lavish",
1162,"superō, superāre, superāvī, superātus",,"overcome, overpower",
1163,"surgō, surgere, surrēxī",,"get up, rise",
1164,"suscipiō, suscipere, suscēpī, susceptus",,"undertake, take on",
1165,"suspicātus, suspicāta, suspicātum",,having suspected,
1166,"suspīrium, suspīriī",neuter,"heart,throb",
1167,sustulī,,{see} [tollō]
1168,"susurrō, susurrāre, susurrāvī",,"whisper, mutter",
1169,"suus, sua, suum",,"his, her, their, their own",
1170,"suī, suōrum pl.",masculine,his men,
1171,T.,,Titus,
1172,"taberna, tabernae",feminine,"shop, inn",
1173,"tabernārius, tabernāriī",masculine,shopkeeper,
1174,"tablīnum, tablīnī",neuter,study,
1175,"tabula, tabulae",feminine,"tablet, writing tablet",
1176,"taceō, tacēre, tacuī",,"be silent, be quiet",
1177,tacē!,,shut up! be quiet!,
1178,tacitē,,"quietly, silently",
1179,"tacitus, tacita, tacitum",,"quiet, silent, in silence",
1180,"tālis, tāle",,such,
1181,tam,,so,
1182,tamen,,however,
1183,tamquam,,"as, like",
1184,tandem,,at last,
1185,tantum,,only,
1186,"tantus, tanta, tantum",,"so great, such a great",
1187,"tardus, tarda, tardum",,late,
1188,tē,,"aditus, aditūs (opening)",See entry index: 18
1189,"tēctum, tēctī",neuter,"ceiling, roof",
1190,"templum, templī",neuter,temple,
1191,"temptō, temptāre, temptāvī, temptātus",,try,
1192,"tenebrae, tenebrārum pl.",feminine,darkness,
1193,"teneō, tenēre, tenuī, tentus",,hold,
1194,"tergum, tergī",neuter,back,
1195,"terra, terrae",feminine,"ground, land",
1196,"terreō, terrēre, terruī, territus",,frighten,
1197,"terribilis, terribile",,terrible,
1198,"tertius, tertia, tertium",,third,
1199,"testāmentum, testāmentī",neuter,will,
1200,"testis, testisf.",masculine,witness,
1201,"thermae, thermārum pl.",feminine,baths,
1202,tibi,,"aditus, aditūs (opening)",See entry index: 18
1203,"timeō, timēre, timuī",,"be afraid, fear",
1204,"tintinō, tintināre, tintināvī",,ring,
1205,"toga, togae",feminine,toga,
1206,"tollō, tollere, sustulī, sublātus",,"raise, lift up, hold up",
1207,"tormentum, tormentī",neuter,torture,
1208,"torqueō, torquēre, torsī, tortus",,torture,
1209,tot,,so many,
1210,"tōtus, tōta, tōtum",,whole,
1211,"trādō, trādere, trādidī, trāditus",,hand over,
1212,"trahō, trahere, trāxī, tractus",,drag,
1213,trāns,,across,
1214,"trānseō, trānsīre, trānsiī",,cross,
1215,"tremō, tremere, tremuī",,"tremble, shake",
1216,"trēs, tria",,three,
1217,"tribūnal, tribūnālis",neuter,platform,
1218,"tribūnus, tribūnī",masculine,"tribune (high,ranking officer)",
1219,"triclīnium, triclīniī",neuter,"dining,room",
1220,trīgintā,,thirty,
1221,"tripodes, tripodum pl.",masculine,tripods,
1222,"trīstis, trīste",,sad,
1223,"tū, tuī",,you (singular),
1224,tēcum,,with you (singular),
1225,tulī,,"afferō, afferre, attulī, adlātus (bring)",See entry index: 33
1226,tum,,then,
1227,"tunica, tunicae",feminine,tunic,
1228,"turba, turbae",feminine,crowd,
1229,"tūtus, tūta, tūtum",,safe,
1230,"tuus, tua, tuum",,"your, yours (singular)",
1231,ubi,,"where, when",
1232,ubīque,,everywhere,
1233,"ūllus, ūlla, ūllum",,any,
1234,"ultimus, ultima, ultimum",,furthest,
1235,"ultiō, ultiōnis",feminine,revenge,
1236,"ululō, ululāre, ululāvī",,howl,
1237,"umerus, umerī",masculine,shoulder,
1238,umquam,,ever,
1239,"unda, undae",feminine,wave,
1240,unde,,from where,
1241,"ūnus, ūna, ūnum",,one,
1242,"urbs, urbis",feminine,city,
1243,"ursa, ursae",feminine,bear,
1244,ut,,(1) as,
1245,ut,,"(2) that, so that, in order that",
1246,utrum ... an,,whether ... or,
1247,"uxor, uxōris",feminine,wife,
1248,vah!,,ugh!,
1249,valdē,,"very much, very",
1250,valē,,"goodbye, farewell",
1251,"varius, varia, varium",,different,
1252,vehementer,,"violently, loudly",
1253,"velim, vellem",,{see} [volō]
1254,"vēnātiō, vēnātiōnis",feminine,hunt,
1255,"vēndō, vēndere, vēndidī, vēnditus",,sell,
1256,"venēnātus, venēnāta, venēnātum",,poisoned,
1257,"venēnum, venēnī",neuter,poison,
1258,"venia, veniae",feminine,mercy,
1259,"veniō, venīre, vēnī",,come,
1260,"venter, ventris",masculine,stomach,
1261,"ventus, ventī",masculine,wind,
1262,"vēr, vēris",neuter,spring,
1263,"verberō, verberāre, verberāvī, verberātus",,"strike, beat",
1264,"verbum, verbī",neuter,word,
1265,"versus, versa, versum",,having turned,
1266,"vertō, vertere, vertī, versus",,turn,
1267,sē vertere,,turn round,
1268,"vērum, vērī",neuter,"truth, the truth",
1269,"vērus, vēra, vērum",,"true, real",
1270,"vester, vestra, vestrum",,your (plural),
1271,"vestīmenta, vestīmentōrum pl.",neuter,clothes,
1272,"vexō, vexāre, vexāvī, vexātus",,annoy,
1273,"via, viae",feminine,street,
1274,"vibrō, vibrāre, vibrāvī, vibrātus",,"wave, brandish",
1275,vīcī,,{see} [vincō]
1276,"victī, victōrum pl.",masculine,the conquered,
1277,"victima, victimae",feminine,victim,
1278,"victor, victōris",masculine,"victor, winner",
1279,"victōria, victōriae",feminine,victory,
1280,"vīcus, vīcī",masculine,"town, village",
1281,"videō, vidēre, vīdī, vīsus",,see,
1282,vīgintī,,twenty,
1283,"vīlla, vīllae",feminine,"house, villa",
1284,"vinciō, vincīre, vīnxī, vīnctus",,"bind, tie up",
1285,"vincō, vincere, vīcī, victus",,"conquer, win, be victorious",
1286,"victī, victōrum pl.",masculine,the conquered,
1287,"vīnum, vīnī",neuter,wine,
1288,"vir, virī",masculine,man,
1289,"virtūs, virtūtis",feminine,courage,
1290,vīs,feminine,"force, violence",
1291,vīs,,{see} [volō]
1292,"vīsitō, vīsitāre, vīsitāvī, vīsitātus",,visit,
1293,"vīta, vītae",feminine,life,
1294,"vītō, vītāre, vītāvī, vītātus",,avoid,
1295,"vituperō, vituperāre, vituperāvī, vituperātus",,"blame, curse",
1296,"vivō, vivere, vīxī",,"live, be alive",
1297,"vīvus, vīva, vīvum",,"alive, living",
1298,vix,,"hardly, scarcely, with difficulty",
1299,vōbīs,,{see} [vōs]
1300,"vocō, vocāre, vocāvī, vocātus",,call,
1301,"volō, velle, voluī",,want,
1302,quid vīs?,,what do you want?,
1303,velim,,I should like,
1304,"volvō, volvere, volvī, volūtus",,turn,
1305,in animō volvere,,"wonder, turn over in the mind",
1306,vōs,,you (plural),
1307,"vōx, vōcis",feminine,voice,
1308,"vulnerō, vulnerāre, vulnerāvī, vulnerātus",,"wound, injure",
1309,"vulnus, vulneris",neuter,wound,
1310,vult,,"volō, velle, voluī (want)",See entry index: 1301
